{
  "train": {
    "loss": [
      4.207850534480422,
      3.392254820549082,
      2.659453083487118,
      2.120316093551116,
      1.7347682810420222,
      1.4345370001468127,
      1.2113637174061578,
      1.0482175370488005,
      0.929963195563839,
      0.8138323870974797,
      0.7241352624937477,
      0.644792155676951,
      0.5828933394730276,
      0.5212249029254765,
      0.4955250864427525,
      0.46377011663035345,
      0.42979369614700047,
      0.41741638591415003,
      0.40256676975141736,
      0.3982704152632793
    ],
    "main_acc": [
      0.10915083365645599,
      0.4051958123303606,
      0.5350911205893757,
      0.6072120977122916,
      0.68573090345095,
      0.7285769678169833,
      0.7784024815820085,
      0.8107793718495541,
      0.8334625823962776,
      0.856533540131834,
      0.8730127956572314,
      0.8914307871267934,
      0.902287708414114,
      0.9115936409461032,
      0.916828227995347,
      0.9280728964715006,
      0.9333074835207444,
      0.9377665761923226,
      0.9435827840248158,
      0.9424195424583172
    ],
    "sub_acc": [
      0.6366808840635906,
      0.7208220240403257,
      0.7675455602946879,
      0.7826677006591702,
      0.8024428072896471,
      0.8245443970531213,
      0.8450949980612641,
      0.8557580457541683,
      0.8671965878247383,
      0.8829003489724699,
      0.8920124079100427,
      0.9017060876308647,
      0.9148894920511826,
      0.9253586661496704,
      0.9274912756882513,
      0.9391236913532377,
      0.9406746801085692,
      0.9391236913532377,
      0.9422256688639007,
      0.9451337727801473
    ]
  },
  "val": {
    "main_acc": [
      0.3779385171790235,
      0.5180831826401446,
      0.5714285714285714,
      0.6564195298372514,
      0.6772151898734177,
      0.740506329113924,
      0.7631103074141049,
      0.798372513562387,
      0.8110307414104883,
      0.8318264014466547,
      0.8417721518987342,
      0.8462929475587704,
      0.8580470162748643,
      0.85623869801085,
      0.8688969258589512,
      0.8752260397830018,
      0.8743218806509946,
      0.8851717902350814,
      0.8851717902350814,
      0.8842676311030742
    ],
    "sub_acc": [
      0.244122965641953,
      0.4132007233273056,
      0.44936708860759494,
      0.5433996383363472,
      0.5840867992766727,
      0.6292947558770343,
      0.6654611211573237,
      0.6952983725135624,
      0.713381555153707,
      0.7423146473779385,
      0.7477396021699819,
      0.7694394213381555,
      0.7784810126582279,
      0.786618444846293,
      0.794755877034358,
      0.8092224231464737,
      0.810126582278481,
      0.8200723327305606,
      0.8200723327305606,
      0.8191681735985533
    ]
  }
}